AUC,Accuracy,Precision,Recall,F1
0.925390625,0.83125,0.7880434782608695,0.90625,0.8430232558139535
