AUC,Accuracy,Precision,Recall,F1
0.9776597333960292,0.9045383411580594,0.8645980253878702,0.9593114241001565,0.9094955489614244
