AUC,Accuracy,Precision,Recall,F1
0.925390625,0.825,0.7736842105263158,0.91875,0.84
