Train_Accuracy,Val_Accuracy,Train_AUC,Val_AUC
0.9158512720156555,0.83203125,0.9829466032988539,0.907470703125
0.9050880626223092,0.85546875,0.9811658196774676,0.9140625
0.9099804305283757,0.8203125,0.9802850019722658,0.87445068359375
0.895405669599218,0.8470588235294118,0.9745864420254403,0.9367618110236221
0.9081133919843597,0.8313725490196079,0.9810917624755382,0.923228346456693
