AUC,Accuracy,Precision,Recall,F1 Score
0.9776523862353393,0.9006259780907668,0.8545706371191135,0.9655712050078247,0.9066862601028656
